u,v,t_u,t_v,distance,score_diff,score_mean,color,color_reason
0,1,150.05352042078488,150.92525761224147,0.8717371914565888,1.2152218013086347,3.7604317933261555,green,boundary-road
0,2,150.05352042078488,153.02469381119886,2.9711733904139805,1.5374233788615004,3.9215325821025884,green,boundary-road
0,3,150.05352042078488,156.11290929423785,6.059388873452974,1.352336588916176,3.8289891871299266,green,boundary-road
0,4,150.05352042078488,157.59759181759404,7.544071396809159,1.7058973423155037,4.00576956382959,green,boundary-road
0,5,150.05352042078488,158.84998817142048,8.7964677506356,1.1755092150321453,3.7405755001879113,green,boundary-road
0,6,150.05352042078488,161.18896413759603,11.135443716811153,1.7878397710863783,4.046740778215027,green,boundary-road
0,7,150.05352042078488,163.03070968718197,12.97718926639709,1.3240902803094117,3.8148660328265445,green,boundary-road
0,8,150.05352042078488,165.53706918790044,15.483548767115565,1.252081587256272,3.778861686299974,green,boundary-road
1,2,150.92525761224147,153.02469381119886,2.0994361989573918,0.3222015775528657,4.529143482756906,green,boundary-road
1,3,150.92525761224147,156.11290929423785,5.187651681996385,0.13711478760754137,4.436600087784244,green,boundary-road
1,4,150.92525761224147,157.59759181759404,6.67233420535257,0.49067554100686905,4.613380464483908,green,boundary-road
1,5,150.92525761224147,158.84998817142048,7.924730559179011,0.039712586276489326,4.348186400842229,green,boundary-road
1,6,150.92525761224147,161.18896413759603,10.263706525354564,0.5726179697777436,4.654351678869345,green,boundary-road
1,7,150.92525761224147,163.03070968718197,12.105452074940501,0.10886847900077701,4.422476933480862,green,boundary-road
1,8,150.92525761224147,165.53706918790044,14.611811575658976,0.03685978594763739,4.386472586954292,green,boundary-road
2,3,153.02469381119886,156.11290929423785,3.0882154830389936,0.18508678994532435,4.597700876560676,green,boundary-road
2,4,153.02469381119886,157.59759181759404,4.572898006395178,0.16847396345400334,4.7744812532603405,green,boundary-road
2,5,153.02469381119886,158.84998817142048,5.825294360221619,0.36191416382935504,4.509287189618661,green,boundary-road
2,6,153.02469381119886,161.18896413759603,8.164270326397173,0.2504163922248779,4.815452467645778,green,boundary-road
2,7,153.02469381119886,163.03070968718197,10.00601587598311,0.2133330985520887,4.583577722257294,green,boundary-road
2,8,153.02469381119886,165.53706918790044,12.512375376701584,0.2853417916052283,4.547573375730725,green,boundary-road
3,4,156.11290929423785,157.59759181759404,1.4846825233561844,0.3535607533993277,4.681937858287679,green,boundary-road
3,5,156.11290929423785,158.84998817142048,2.7370788771826255,0.1768273738840307,4.416743794645999,green,boundary-road
3,6,156.11290929423785,161.18896413759603,5.076054843358179,0.43550318217020223,4.722909072673115,green,boundary-road
3,7,156.11290929423785,163.03070968718197,6.917800392944116,0.02824630860676436,4.491034327284632,green,boundary-road
3,8,156.11290929423785,165.53706918790044,9.42415989366259,0.10025500165990398,4.455029980758063,green,boundary-road
4,5,157.59759181759404,158.84998817142048,1.252396353826441,0.5303881272833584,4.593524171345663,green,boundary-road
4,6,157.59759181759404,161.18896413759603,3.5913723200019945,0.08194242877087454,4.899689449372779,green,boundary-road
4,7,157.59759181759404,163.03070968718197,5.433117869587932,0.38180706200609205,4.6678147039842965,green,boundary-road
4,8,157.59759181759404,165.53706918790044,7.939477370306406,0.45381575505923166,4.631810357457726,green,boundary-road
5,6,158.84998817142048,161.18896413759603,2.3389759661755534,0.6123305560542329,4.6344953857311,green,boundary-road
5,7,158.84998817142048,163.03070968718197,4.1807215157614905,0.14858106527726633,4.402620640342617,green,boundary-road
5,8,158.84998817142048,165.53706918790044,6.687081016479965,0.07657237222412672,4.3666162938160475,green,boundary-road
5,9,158.84998817142048,167.1844399781745,8.334451806754032,0.6005361589897049,4.628598187198836,green,boundary-road
6,7,161.18896413759603,163.03070968718197,1.8417455495859372,0.4637494907769666,4.708785918369733,green,boundary-road
6,8,161.18896413759603,165.53706918790044,4.348105050304412,0.5357581838301062,4.672781571843164,green,boundary-road
6,9,161.18896413759603,167.1844399781745,5.995475840578479,0.011794397064528006,4.934763465225952,green,boundary-road
6,10,161.18896413759603,169.09451541556882,7.905551277972791,0.04132245474910423,4.919999436383664,green,boundary-road
7,8,163.03070968718197,165.53706918790044,2.5063595007184745,0.07200869305313962,4.440906826454681,green,boundary-road
7,9,163.03070968718197,167.1844399781745,4.1537302909925415,0.4519550937124386,4.702888719837469,green,boundary-road
7,10,163.03070968718197,169.09451541556882,6.063805728386853,0.42242703602786236,4.688124690995181,green,boundary-road
7,11,163.03070968718197,169.9119764794117,6.881266792229724,0.1959851890252704,4.378918578468615,green,boundary-road
8,9,165.53706918790044,167.1844399781745,1.647370790274067,0.5239637867655782,4.6668843733109,green,boundary-road
8,10,165.53706918790044,169.09451541556882,3.557446227668379,0.494435729081002,4.652120344468612,green,boundary-road
8,11,165.53706918790044,169.9119764794117,4.374907291511249,0.12397649597213078,4.342914231942045,green,boundary-road
8,12,165.53706918790044,173.41153651959155,7.874467331691108,0.18710833723531195,4.498456648545766,green,boundary-road
9,10,167.1844399781745,169.09451541556882,1.9100754373943118,0.029528057684576225,4.9141022378514005,green,boundary-road
9,11,167.1844399781745,169.9119764794117,2.727536501237182,0.647940282737709,4.604896125324834,green,boundary-road
9,12,167.1844399781745,173.41153651959155,6.2270965414170405,0.33685544953026625,4.760438541928556,blue,local-road
9,13,167.1844399781745,174.7541915233657,7.569751545191195,0.07458051140693644,4.966156522397156,violet,bridge/gap-road
10,11,169.09451541556882,169.9119764794117,0.8174610638428703,0.6184122250531328,4.590132096482546,green,boundary-road
10,12,169.09451541556882,173.41153651959155,4.317021104022729,0.30732739184569,4.745674513086268,blue,local-road
10,13,169.09451541556882,174.7541915233657,5.659676107796884,0.10410856909151267,4.951392493554868,red,energy-similar
10,14,169.09451541556882,176.44143429771043,7.346918882141608,0.21875969696095243,4.789958360528637,violet,bridge/gap-road
11,12,169.9119764794117,173.41153651959155,3.4995600401798583,0.31108483320744273,4.436468400559701,blue,local-road
11,13,169.9119764794117,174.7541915233657,4.842215043954013,0.7225207941446454,4.642186381028303,blue,local-road
11,14,169.9119764794117,176.44143429771043,6.529457818298738,0.3996525280921803,4.480752248002069,violet,bridge/gap-road
11,15,169.9119764794117,178.37740777609997,8.46543129668828,0.2816611095869108,4.421756538749435,violet,bridge/gap-road
12,13,173.41153651959155,174.7541915233657,1.342655003774155,0.4114359609372027,4.797728797632024,blue,local-road
12,14,173.41153651959155,176.44143429771043,3.0298977781188796,0.08856769488473759,4.636294664605791,red,energy-similar
12,15,173.41153651959155,178.37740777609997,4.9658712565084215,0.029423723620531916,4.5772989553531565,red,energy-similar
12,16,173.41153651959155,179.91648402025697,6.504947500665423,0.2973948080174589,4.4433134131546925,violet,bridge/gap-road
13,14,174.7541915233657,176.44143429771043,1.6872427743447247,0.3228682660524651,4.8420126450743926,blue,local-road
13,15,174.7541915233657,178.37740777609997,3.6232162527342666,0.4408596845577346,4.783016935821758,blue,local-road
13,16,174.7541915233657,179.91648402025697,5.1622924968912685,0.7088307689546616,4.649031393623295,blue,local-road
13,17,174.7541915233657,182.2070784843665,7.452886961000786,0.11940250593588253,4.943745525132684,violet,bridge/gap-road
14,15,176.44143429771043,178.37740777609997,1.935973478389542,0.11799141850526951,4.621582802795525,red,energy-similar
14,16,176.44143429771043,179.91648402025697,3.4750497225465438,0.38596250290219647,4.487597260597061,blue,local-road
14,17,176.44143429771043,182.2070784843665,5.765644186656061,0.20346576011658257,4.782311392106451,red,energy-similar
14,18,176.44143429771043,184.8744678483875,8.433033550677067,0.40575103386964617,4.4777029951133365,violet,bridge/gap-road
15,16,178.37740777609997,179.91648402025697,1.5390762441570018,0.26797108439692696,4.428601551344427,blue,local-road
15,17,178.37740777609997,182.2070784843665,3.8296707082665193,0.3214571786218521,4.7233156828538165,blue,local-road
15,18,178.37740777609997,184.8744678483875,6.497060072287525,0.28775961536437666,4.418707285860702,violet,bridge/gap-road
15,19,178.37740777609997,185.5987836777075,7.22137590160753,0.4508661846375803,4.3371540012241,violet,bridge/gap-road
16,17,179.91648402025697,182.2070784843665,2.2905944641095175,0.589428263018779,4.589330140655353,blue,local-road
16,18,179.91648402025697,184.8744678483875,4.957983828130523,0.019788530967449702,4.284721743662239,red,energy-similar
16,19,179.91648402025697,185.5987836777075,5.682299657450528,0.18289510024065336,4.203168459025637,red,energy-similar
16,20,179.91648402025697,187.22892258350186,7.312438563244882,0.43064582521411143,4.509938921753019,violet,bridge/gap-road
17,18,182.2070784843665,184.8744678483875,2.6673893640210053,0.6092167939862287,4.579435875171628,blue,local-road
17,19,182.2070784843665,185.5987836777075,3.3917051933410107,0.7723233632594324,4.497882590535026,blue,local-road
17,20,182.2070784843665,187.22892258350186,5.021844099135365,0.1587824378046676,4.804653053262409,red,energy-similar
17,21,182.2070784843665,189.41615865601693,7.209080171650442,0.37195478499925994,4.698066879665113,violet,bridge/gap-road
18,19,184.8744678483875,185.5987836777075,0.7243158293200054,0.16310656927320366,4.193274193541912,red,energy-similar
18,20,184.8744678483875,187.22892258350186,2.354454735114359,0.45043435618156114,4.500044656269294,blue,local-road
18,21,184.8744678483875,189.41615865601693,4.541690807629436,0.2372620089869688,4.393458482671998,blue,local-road
18,22,184.8744678483875,192.0266563607138,7.1521885123262905,0.6153896406426131,4.58252229849982,violet,bridge/gap-road
18,23,184.8744678483875,193.0797266038457,8.205258755458203,0.27027162102774227,4.409963288692385,violet,bridge/gap-road
19,20,185.5987836777075,187.22892258350186,1.6301389057943538,0.6135409254547648,4.418491371632692,blue,local-road
19,21,185.5987836777075,189.41615865601693,3.817374978309431,0.40036857826017247,4.311905198035396,blue,local-road
19,22,185.5987836777075,192.0266563607138,6.427872683006285,0.7784962099158168,4.500969013863219,blue,local-road
19,23,185.5987836777075,193.0797266038457,7.480942926138198,0.43337819030094593,4.328410004055783,violet,bridge/gap-road
20,21,187.22892258350186,189.41615865601693,2.187236072515077,0.21317234719459233,4.618675660762779,red,energy-similar
20,22,187.22892258350186,192.0266563607138,4.797733777211931,0.164955284461052,4.807739476590601,red,energy-similar
20,23,187.22892258350186,193.0797266038457,5.850804020343844,0.18016273515381886,4.635180466783165,red,energy-similar
20,24,187.22892258350186,195.26539667952926,8.036474096027405,0.16902610634594772,4.809774887533049,violet,bridge/gap-road
21,22,189.41615865601693,192.0266563607138,2.6104977046968543,0.37812763165564434,4.701153302993305,blue,local-road
21,23,189.41615865601693,193.0797266038457,3.663567947828767,0.03300961204077346,4.528594293185869,red,energy-similar
21,24,189.41615865601693,195.26539667952926,5.849238023512328,0.38219845354054005,4.703188713935752,blue,local-road
21,25,189.41615865601693,196.87648184095832,7.460323184941387,0.24967946216481263,4.387249756083076,violet,bridge/gap-road
22,23,192.0266563607138,193.0797266038457,1.0530702431319128,0.3451180196148709,4.7176581090136915,blue,local-road
22,24,192.0266563607138,195.26539667952926,3.2387403188154735,0.0040708218848957145,4.892252529763574,red,energy-similar
22,25,192.0266563607138,196.87648184095832,4.849825480244533,0.627807093820457,4.576313571910898,blue,local-road
22,26,192.0266563607138,198.0153096762519,5.988653315538102,0.02463564011249364,4.902534938877373,red,energy-similar
23,24,193.0797266038457,195.26539667952926,2.1856700756835608,0.3491888414997666,4.71969351995614,blue,local-road
23,25,193.0797266038457,196.87648184095832,3.7967552371126203,0.2826890742055861,4.4037545621034635,blue,local-road
23,26,193.0797266038457,198.0153096762519,4.935583072406189,0.3697536597273645,4.729975929069939,blue,local-road
23,27,193.0797266038457,201.2647519437038,8.1850253398581,0.06498195665755624,4.577590077535034,violet,bridge/gap-road
24,25,195.26539667952926,196.87648184095832,1.6110851614290596,0.6318779157053527,4.578348982853346,blue,local-road
24,26,195.26539667952926,198.0153096762519,2.749912996722628,0.020564818227597925,4.904570349819822,red,energy-similar
24,27,195.26539667952926,201.2647519437038,5.99935526417454,0.28420688484221035,4.752184498284917,blue,local-road
24,28,195.26539667952926,202.4935945141405,7.228197834611251,0.008851569756009425,4.889862155828018,violet,bridge/gap-road
25,26,196.87648184095832,198.0153096762519,1.1388278352935686,0.6524427339329506,4.588631391967145,blue,local-road
25,27,196.87648184095832,201.2647519437038,4.38827010274548,0.3476710308631423,4.436245540432241,blue,local-road
25,28,196.87648184095832,202.4935945141405,5.617112673182191,0.6230263459493433,4.573923197975342,blue,local-road
25,29,196.87648184095832,204.18967180310455,7.313189962146225,0.2268531876510318,4.375836618826186,violet,bridge/gap-road
26,27,198.0153096762519,201.2647519437038,3.2494422674519114,0.3047717030698083,4.762466907398716,blue,local-road
26,28,198.0153096762519,202.4935945141405,4.478284837888623,0.02941638798360735,4.900144564941817,red,energy-similar
26,29,198.0153096762519,204.18967180310455,6.174362126852657,0.4255895462819188,4.702057985792662,blue,local-road
26,30,198.0153096762519,205.3946972021633,7.3793875259113975,0.6554256378735346,4.587139939996853,violet,bridge/gap-road
27,28,201.2647519437038,202.4935945141405,1.2288425704367114,0.2753553150862009,4.747758713406913,blue,local-road
27,29,201.2647519437038,204.18967180310455,2.9249198594007453,0.12081784321211053,4.549672134257757,red,energy-similar
27,30,201.2647519437038,205.3946972021633,4.129945258459486,0.3506539348037263,4.434754088461949,blue,local-road
27,31,201.2647519437038,207.9062588878062,6.641506944102389,0.15483541674404933,4.532663347491788,violet,bridge/gap-road
28,29,202.4935945141405,204.18967180310455,1.6960772889640339,0.39617315829831146,4.687349791800857,blue,local-road
28,30,202.4935945141405,205.3946972021633,2.9011026880227746,0.6260092498899272,4.57243174600505,blue,local-road
28,31,202.4935945141405,207.9062588878062,5.412664373665677,0.43019073183025025,4.670341005034889,blue,local-road
28,32,202.4935945141405,209.57650971685626,7.082915202715753,0.06457558870767333,4.91772416530385,violet,bridge/gap-road
29,30,204.18967180310455,205.3946972021633,1.2050253990587407,0.22983609159161578,4.374345166855894,blue,local-road
29,31,204.18967180310455,207.9062588878062,3.7165870847016436,0.034017573531938794,4.472254425885732,red,energy-similar
29,32,204.18967180310455,209.57650971685626,5.3868379137517195,0.4607487470059848,4.719637586154694,blue,local-road
29,33,204.18967180310455,211.69086259536533,7.501190792260786,0.004989607071886226,4.486768409115759,violet,bridge/gap-road
30,31,205.3946972021633,207.9062588878062,2.511561685642903,0.19581851805967698,4.357336380089924,red,energy-similar
30,32,205.3946972021633,209.57650971685626,4.181812514692979,0.6905848385976006,4.604719540358886,blue,local-road
30,33,205.3946972021633,211.69086259536533,6.296165393202045,0.22484648451972955,4.37185036331995,blue,local-road
30,34,205.3946972021633,213.34791935971265,7.953222157549362,0.5569984753145247,4.537926358717348,violet,bridge/gap-road
31,32,207.9062588878062,209.57650971685626,1.670250829050076,0.4947663205379236,4.702628799388725,blue,local-road
31,33,207.9062588878062,211.69086259536533,3.7846037075591425,0.029027966460052568,4.469759622349789,red,energy-similar
31,34,207.9062588878062,213.34791935971265,5.441660471906459,0.36117995725484775,4.635835617747187,blue,local-road
31,35,207.9062588878062,214.5470447834914,6.640785895685212,0.11319982064139555,4.398645728799066,violet,bridge/gap-road
32,33,209.57650971685626,211.69086259536533,2.1143528785090666,0.465738354077871,4.717142782618751,blue,local-road
32,34,209.57650971685626,213.34791935971265,3.7714096428563835,0.13358636328307583,4.883218778016149,red,energy-similar
32,35,209.57650971685626,214.5470447834914,4.9705350666351364,0.6079661411793191,4.6460288890680275,blue,local-road
32,36,209.57650971685626,216.1695385082637,6.593028791407448,0.22042444384074944,4.839799737737312,violet,bridge/gap-road
33,34,211.69086259536533,213.34791935971265,1.6570567643473169,0.3321519907947952,4.650349600977213,blue,local-road
33,35,211.69086259536533,214.5470447834914,2.85618218812607,0.14222778710144812,4.413159712029092,red,energy-similar
33,36,211.69086259536533,216.1695385082637,4.478675912898382,0.24531391023712157,4.606930560698377,blue,local-road
33,37,211.69086259536533,219.06759634902136,7.376733753656026,0.11475717099007188,4.42689502008478,violet,bridge/gap-road
34,35,213.34791935971265,214.5470447834914,1.199125423778753,0.4743797778962433,4.5792357074264896,blue,local-road
34,36,213.34791935971265,216.1695385082637,2.821619148551065,0.08683808055767361,4.773006556095774,red,energy-similar
34,37,213.34791935971265,219.06759634902136,5.719676989308709,0.44690916178486706,4.592971015482178,blue,local-road
34,38,213.34791935971265,220.714918839314,7.366999479601361,0.21714980588419497,4.707850693432514,violet,bridge/gap-road
35,36,214.5470447834914,216.1695385082637,1.622493724772312,0.3875416973385697,4.535816667147652,blue,local-road
35,37,214.5470447834914,219.06759634902136,4.520551565529956,0.027470616111376245,4.355781126534056,red,energy-similar
35,38,214.5470447834914,220.714918839314,6.167874055822608,0.25722997201204834,4.470660804484392,blue,local-road
35,39,214.5470447834914,221.43070555469336,6.88366077120196,0.6965072959585381,4.6902994664576365,violet,bridge/gap-road
36,37,216.1695385082637,219.06759634902136,2.8980578407576445,0.36007108122719345,4.54955197520334,blue,local-road
36,38,216.1695385082637,220.714918839314,4.545380331050296,0.13031172532652135,4.6644316531536765,red,energy-similar
36,39,216.1695385082637,221.43070555469336,5.261167046429648,0.3089655986199684,4.884070315126921,blue,local-road
36,40,216.1695385082637,224.00700025460435,7.837461746340637,0.6331456089466352,4.413014711343619,violet,bridge/gap-road
37,38,219.06759634902136,220.714918839314,1.6473224902926518,0.2297593559006721,4.48439611254008,blue,local-road
37,39,219.06759634902136,221.43070555469336,2.3631092056720036,0.6690366798471619,4.704034774513325,blue,local-road
37,40,219.06759634902136,224.00700025460435,4.939403905582992,0.27307452771944174,4.232979170730022,blue,local-road
37,41,219.06759634902136,224.98332466958226,5.915728320560902,0.2235368945276246,4.257747987325931,blue,local-road
38,39,220.714918839314,221.43070555469336,0.7157867153793518,0.4392773239464898,4.818914452463661,blue,local-road
38,40,220.714918839314,224.00700025460435,3.2920814152903404,0.5028338836201138,4.347858848680358,blue,local-road
38,41,220.714918839314,224.98332466958226,4.26840583026825,0.4532962504282967,4.3726276652762675,blue,local-road
38,42,220.714918839314,227.4214442796793,6.706525440365283,0.3089856154294939,4.753768598205163,violet,bridge/gap-road
39,40,221.43070555469336,224.00700025460435,2.5762946999109886,0.9421112075666036,4.567497510653604,blue,local-road
39,41,221.43070555469336,224.98332466958226,3.5526191148888984,0.8925735743747865,4.592266327249512,blue,local-road
39,42,221.43070555469336,227.4214442796793,5.990738724985931,0.1302917085169959,4.973407260178408,red,energy-similar
39,43,221.43070555469336,229.33741330552533,7.90670775083197,0.519284487488993,4.778910870692409,violet,bridge/gap-road
40,41,224.00700025460435,224.98332466958226,0.9763244149779098,0.04953763319181714,4.121210723466211,red,energy-similar
40,42,224.00700025460435,227.4214442796793,3.4144440250749426,0.8118194990496077,4.502351656395106,blue,local-road
40,43,224.00700025460435,229.33741330552533,5.330413050920981,0.4228267200776106,4.307855266909107,blue,local-road
40,44,224.00700025460435,231.25018870049917,7.243188445894816,0.3848247187433653,4.288854266241985,violet,bridge/gap-road
41,42,224.98332466958226,227.4214442796793,2.438119610097033,0.7622818658577906,4.527120472991014,blue,local-road
41,43,224.98332466958226,229.33741330552533,4.3540886359430715,0.37328908688579343,4.332624083505015,blue,local-road
41,44,224.98332466958226,231.25018870049917,6.266864030916906,0.3352870855515482,4.313623082837893,blue,local-road
41,45,224.98332466958226,231.98723525318024,7.003910583597985,0.813201825428763,4.552580452776501,violet,bridge/gap-road
42,43,227.4214442796793,229.33741330552533,1.9159690258460387,0.38899277897199713,4.713765016433911,blue,local-road
42,44,227.4214442796793,231.25018870049917,3.8287444208198735,0.4269947803062424,4.694764015766788,blue,local-road
42,45,227.4214442796793,231.98723525318024,4.5657909735009525,0.050919959570972395,4.933721385705396,red,energy-similar
42,46,227.4214442796793,233.69340417890834,6.271959899229046,0.6091730081426991,4.60367490184856,blue,local-road
43,44,229.33741330552533,231.25018870049917,1.9127753949738349,0.03800200133424525,4.50026762628079,red,energy-similar
43,45,229.33741330552533,231.98723525318024,2.649821947654914,0.43991273854296953,4.739224996219397,blue,local-road
43,46,229.33741330552533,233.69340417890834,4.355990873383007,0.220180229170702,4.409178512362562,blue,local-road
43,47,229.33741330552533,236.52422966581622,7.186816360290891,0.09161421244764334,4.473461520724091,violet,bridge/gap-road
44,45,231.25018870049917,231.98723525318024,0.737046552681079,0.4779147398772148,4.720223995552274,blue,local-road
44,46,231.25018870049917,233.69340417890834,2.443215478409172,0.18217822783645676,4.390177511695439,red,energy-similar
44,47,231.25018870049917,236.52422966581622,5.274040965317056,0.05361221111339809,4.454460520056968,red,energy-similar
44,48,231.25018870049917,237.7698204809252,6.519631780426039,0.37760886045741504,4.670071055842374,violet,bridge/gap-road
45,46,231.98723525318024,233.69340417890834,1.7061689257280932,0.6600929677136715,4.629134881634046,blue,local-road
45,47,231.98723525318024,236.52422966581622,4.536994412635977,0.5315269509906129,4.693417889995576,blue,local-road
45,48,231.98723525318024,237.7698204809252,5.78258522774496,0.10030587941979974,4.909028425780982,red,energy-similar
45,49,231.98723525318024,239.5554775733276,7.5682423201473625,0.2390431983960477,5.078702964688906,violet,bridge/gap-road
46,47,233.69340417890834,236.52422966581622,2.8308254869078837,0.12856601672305867,4.363371406138739,red,energy-similar
46,48,233.69340417890834,237.7698204809252,4.076416302016867,0.5597870882938718,4.578981941924146,blue,local-road
46,49,233.69340417890834,239.5554775733276,5.862073394419269,0.8991361661097192,4.74865648083207,blue,local-road
46,50,233.69340417890834,241.0491577962166,7.355753617308267,0.16519720000531368,4.381686997779868,violet,bridge/gap-road
47,48,236.52422966581622,237.7698204809252,1.245590815108983,0.43122107157081313,4.643264950285676,blue,local-road
47,49,236.52422966581622,239.5554775733276,3.0312479075113856,0.7705701493866606,4.8129394891935995,blue,local-road
47,50,236.52422966581622,241.0491577962166,4.524928130400383,0.03663118328225501,4.445970006141397,red,energy-similar
47,51,236.52422966581622,242.8232719342226,6.299042268406367,0.22470376018573823,4.540006294593138,blue,local-road
48,49,237.7698204809252,239.5554775733276,1.7856570924024027,0.33934907781584744,5.0285500249790065,blue,local-road
48,50,237.7698204809252,241.0491577962166,3.2793373152914,0.3945898882885581,4.661580541926803,blue,local-road
48,51,237.7698204809252,242.8232719342226,5.053451453297384,0.2065173113850749,4.755616830378544,red,energy-similar
48,52,237.7698204809252,244.07089849707813,6.301078016152928,0.6771814800499865,4.520284746046089,blue,local-road
49,50,239.5554775733276,241.0491577962166,1.4936802228889974,0.7339389661044056,4.831255080834727,blue,local-road
49,51,239.5554775733276,242.8232719342226,3.2677943608949818,0.5458663892009223,4.925291369286469,blue,local-road
49,52,239.5554775733276,244.07089849707813,4.515420923750526,1.016530557865834,4.689959284954012,blue,local-road
49,53,239.5554775733276,247.13699007489748,7.581512501569875,0.770168756028152,4.813140185872854,violet,bridge/gap-road
50,51,241.0491577962166,242.8232719342226,1.7741141380059844,0.18807257690348322,4.558321886234266,red,energy-similar
50,52,241.0491577962166,244.07089849707813,3.0217407008615282,0.28259159176142834,4.3229898019018105,blue,local-road
50,53,241.0491577962166,247.13699007489748,6.087832278680878,0.03622978992374648,4.446170702820651,red,energy-similar
50,54,241.0491577962166,248.10199006014847,7.052832263931862,0.29152728567850517,4.610049240621777,violet,bridge/gap-road
51,52,242.8232719342226,244.07089849707813,1.2476265628555439,0.47066416866491156,4.417026090353552,blue,local-road
51,53,242.8232719342226,247.13699007489748,4.313718140674894,0.2243023668272297,4.540206991272393,blue,local-road
51,54,242.8232719342226,248.10199006014847,5.278718125925877,0.10345470877502194,4.704085529073518,red,energy-similar
51,55,242.8232719342226,249.5736896447072,6.750417710484612,0.1747440263256692,4.739730187848842,violet,bridge/gap-road
52,53,244.07089849707813,247.13699007489748,3.06609157781935,0.24636180183768186,4.304874906939936,blue,local-road
52,54,244.07089849707813,248.10199006014847,4.0310915630703335,0.5741188774399335,4.468753444741063,blue,local-road
52,55,244.07089849707813,249.5736896447072,5.502791147629068,0.6454081949905808,4.504398103516387,blue,local-road
52,56,244.07089849707813,251.01494779501604,6.944049297937909,0.062461549995276755,4.212924781018734,violet,bridge/gap-road
53,54,247.13699007489748,248.10199006014847,0.9649999852509836,0.32775707560225165,4.5919343456599035,blue,local-road
53,55,247.13699007489748,249.5736896447072,2.4366995698097185,0.3990463931528989,4.627579004435227,blue,local-road
53,56,247.13699007489748,251.01494779501604,3.877957720118559,0.1839002518424051,4.336105681937575,red,energy-similar
53,57,247.13699007489748,253.06998674799945,5.932996673101968,0.03703873006052927,4.446575172889043,red,energy-similar
54,55,248.10199006014847,249.5736896447072,1.4716995845587348,0.07128931755064727,4.791457542236353,red,energy-similar
54,56,248.10199006014847,251.01494779501604,2.9129577348675753,0.5116573274446568,4.499984219738701,blue,local-road
54,57,248.10199006014847,253.06998674799945,4.9679966878509845,0.2907183455417224,4.610453710690168,blue,local-road
54,58,248.10199006014847,255.30625645491403,7.204266394765568,0.021074626173306577,4.766350196547682,violet,bridge/gap-road
55,56,249.5736896447072,251.01494779501604,1.4412581503088404,0.582946644995304,4.535628878514025,blue,local-road
55,57,249.5736896447072,253.06998674799945,3.4962971032922496,0.36200766309236965,4.646098369465491,blue,local-road
55,58,249.5736896447072,255.30625645491403,5.7325668102068335,0.05021469137734069,4.801994855323006,red,energy-similar
55,59,249.5736896447072,256.38071369443446,6.807024049727261,0.4140744330914652,4.6200649844659445,violet,bridge/gap-road
56,57,251.01494779501604,253.06998674799945,2.055038952983409,0.22093898190293437,4.35462504696784,blue,local-road
56,58,251.01494779501604,255.30625645491403,4.291308659897993,0.5327319536179633,4.510521532825354,blue,local-road
56,59,251.01494779501604,256.38071369443446,5.36576589941842,0.16887221190383883,4.328591661968292,red,energy-similar
56,60,251.01494779501604,258.61043949153134,7.595491696515296,0.048571209703013096,4.268441160867879,violet,bridge/gap-road
57,58,253.06998674799945,255.30625645491403,2.236269706914584,0.31179297171502895,4.6209910237768215,blue,local-road
57,59,253.06998674799945,256.38071369443446,3.310726946435011,0.05206676999909554,4.439061152919759,red,energy-similar
57,60,253.06998674799945,258.61043949153134,5.540452743531887,0.17236777219992128,4.378910651819346,red,energy-similar
57,61,253.06998674799945,259.87440698967805,6.804420241678599,0.04482866384418749,4.487508869841401,violet,bridge/gap-road
58,59,255.30625645491403,256.38071369443446,1.0744572395204273,0.3638597417141245,4.594957638777274,blue,local-road
58,60,255.30625645491403,258.61043949153134,3.304183036617303,0.48416074391495023,4.534807137676861,blue,local-road
58,61,255.30625645491403,259.87440698967805,4.5681505347640154,0.26696430787084147,4.643405355698915,blue,local-road
58,62,255.30625645491403,260.80508450459683,5.4988280496828,0.2538460002771714,4.903810509772922,blue,local-road
59,60,256.38071369443446,258.61043949153134,2.229725797096876,0.12030100220082574,4.352877266819799,red,energy-similar
59,61,256.38071369443446,259.87440698967805,3.493693295243588,0.09689543384328303,4.461475484841853,red,energy-similar
59,62,256.38071369443446,260.80508450459683,4.424370810162372,0.6177057419912959,4.721880638915859,blue,local-road
59,63,256.38071369443446,263.57389390487015,7.193180210435685,0.36929668447780717,4.5976761101591155,violet,bridge/gap-road
60,61,258.61043949153134,259.87440698967805,1.2639674981467124,0.21719643604410876,4.40132498374144,blue,local-road
60,62,258.61043949153134,260.80508450459683,2.1946450130654966,0.7380067441921216,4.6617301378154465,blue,local-road
60,63,258.61043949153134,263.57389390487015,4.963454413338809,0.4895976866786329,4.537525609058703,blue,local-road
60,64,258.61043949153134,265.55785183887633,6.947412347344994,0.05283036239206407,4.266311584523354,violet,bridge/gap-road
61,62,259.87440698967805,260.80508450459683,0.9306775149187843,0.5208103081480129,4.770328355837501,blue,local-road
61,63,259.87440698967805,263.57389390487015,3.6994869151920966,0.27240125063452414,4.646123827080757,blue,local-road
61,64,259.87440698967805,265.55785183887633,5.683444849198281,0.27002679843617283,4.3749098025454085,blue,local-road
61,65,259.87440698967805,266.614973781501,6.740566791822971,0.04557968818761626,4.487133357669686,violet,bridge/gap-road
62,63,260.80508450459683,263.57389390487015,2.7688094002733123,0.24840905751348874,4.9065289811547625,blue,local-road
62,64,260.80508450459683,265.55785183887633,4.752767334279497,0.7908371065841857,4.635314956619414,blue,local-road
62,65,260.80508450459683,266.614973781501,5.809889276904187,0.5663899963356291,4.747538511743693,blue,local-road
62,66,260.80508450459683,267.92191508282406,7.116830578227223,0.7139684433763538,4.6737492882233305,violet,bridge/gap-road
63,64,263.57389390487015,265.55785183887633,1.9839579340061846,0.542428049070697,4.51111042786267,blue,local-road
63,65,263.57389390487015,266.614973781501,3.0410798766308744,0.3179809388221404,4.623333982986948,blue,local-road
63,66,263.57389390487015,267.92191508282406,4.34802117795391,0.46555938586286505,4.5495447594665865,blue,local-road
63,67,263.57389390487015,269.9704490239976,6.39655511912747,0.27021868845376495,4.647215108171136,blue,local-road
64,65,265.55785183887633,266.614973781501,1.0571219426246898,0.22444711024855657,4.3521199584516,blue,local-road
64,66,265.55785183887633,267.92191508282406,2.364063243947726,0.07686866320783192,4.278330734931238,red,energy-similar
64,67,265.55785183887633,269.9704490239976,4.412597185121285,0.272209360616932,4.376001083635788,blue,local-road
64,68,265.55785183887633,271.494055641645,5.936203802768659,0.6529933967832555,4.566393101718949,blue,local-road
65,66,266.614973781501,267.92191508282406,1.306941301323036,0.14757844704072465,4.3905542900555155,red,energy-similar
65,67,266.614973781501,269.9704490239976,3.3554752424965955,0.04776225036837545,4.488224638760066,red,energy-similar
65,68,266.614973781501,271.494055641645,4.87908186014397,0.42854628653469895,4.678616656843228,blue,local-road
65,69,266.614973781501,273.4596091884033,6.844635406902285,0.32682863370135085,4.627757830426553,violet,bridge/gap-road
66,67,267.92191508282406,269.9704490239976,2.0485339411735595,0.1953406974091001,4.414435415239703,red,energy-similar
66,68,267.92191508282406,271.494055641645,3.5721405588209336,0.5761247335754236,4.604827433322866,blue,local-road
66,69,267.92191508282406,273.4596091884033,5.537694105579249,0.4744070807420755,4.553968606906191,blue,local-road
66,70,267.92191508282406,275.58749264934386,7.665577566519801,0.13340128053386824,4.383465706802088,violet,bridge/gap-road
67,68,269.9704490239976,271.494055641645,1.5236066176473742,0.3807840361663235,4.702497782027415,blue,local-road
67,69,269.9704490239976,273.4596091884033,3.489160164405689,0.2790663833329754,4.651638955610741,blue,local-road
67,70,269.9704490239976,275.58749264934386,5.617043625346241,0.061939416875231856,4.481136055506638,red,energy-similar
67,71,269.9704490239976,276.4520495031329,6.481600479135295,0.2675557470014871,4.37832789044351,violet,bridge/gap-road
68,69,271.494055641645,273.4596091884033,1.965553546758315,0.1017176528333481,4.842030973693904,red,energy-similar
68,70,271.494055641645,275.58749264934386,4.093437007698867,0.44272345304155536,4.6715280735897995,blue,local-road
68,71,271.494055641645,276.4520495031329,4.957993861487921,0.6483397831678106,4.568719908526672,blue,local-road
68,72,271.494055641645,278.250743529842,6.756687888197007,0.19652563181655136,4.794626984202301,violet,bridge/gap-road
69,70,273.4596091884033,275.58749264934386,2.127883460940552,0.34100580020820725,4.620669247173126,blue,local-road
69,71,273.4596091884033,276.4520495031329,2.992440314729606,0.5466221303344625,4.517861082109998,blue,local-road
69,72,273.4596091884033,278.250743529842,4.791134341438692,0.09480797898320326,4.743768157785627,red,energy-similar
69,73,273.4596091884033,279.22925092774517,5.769641739341864,0.5345457896575274,4.523899252448466,blue,local-road
70,71,275.58749264934386,276.4520495031329,0.864556853789054,0.20561633012625524,4.347358182005895,red,energy-similar
70,72,275.58749264934386,278.250743529842,2.66325088049814,0.246197821225004,4.573265257681523,blue,local-road
70,73,275.58749264934386,279.22925092774517,3.641758278401312,0.19353998944932016,4.353396352344362,red,energy-similar
70,74,275.58749264934386,282.465114765052,6.877622115708164,0.3880610084196583,4.256135842859193,violet,bridge/gap-road
70,75,275.58749264934386,283.21118573323383,7.623693083889975,0.11631647276436397,4.39200811068684,violet,bridge/gap-road
71,72,276.4520495031329,278.250743529842,1.7986940267090858,0.45181415135125924,4.470457092618396,blue,local-road
71,73,276.4520495031329,279.22925092774517,2.777201424612258,0.012076340676935082,4.2505881872812346,red,energy-similar
71,74,276.4520495031329,282.465114765052,6.01306526191911,0.18244467829340305,4.1533276777960655,red,energy-similar
71,75,276.4520495031329,283.21118573323383,6.759136230100921,0.08929985736189128,4.289199945623713,violet,bridge/gap-road
72,73,278.250743529842,279.22925092774517,0.9785073979031722,0.43973781067432416,4.476495262956863,blue,local-road
72,74,278.250743529842,282.465114765052,4.214371235210024,0.6342588296446623,4.379234753471694,blue,local-road
72,75,278.250743529842,283.21118573323383,4.960442203391835,0.36251429398936796,4.515107021299341,blue,local-road
72,76,278.250743529842,284.8359639809047,6.585220451062696,0.16130411283046175,4.777016224709257,violet,bridge/gap-road
73,74,279.22925092774517,282.465114765052,3.2358638373068516,0.19452101897033813,4.159365848134533,red,energy-similar
73,75,279.22925092774517,283.21118573323383,3.981934805488663,0.0772235166849562,4.29523811596218,red,energy-similar
73,76,279.22925092774517,284.8359639809047,5.606713053159524,0.6010419235047859,4.557147319372095,blue,local-road
73,77,279.22925092774517,286.6674453630029,7.438194435257742,0.0001006500794566989,4.256576032579973,violet,bridge/gap-road
74,75,282.465114765052,283.21118573323383,0.7460709681818116,0.27174453565529433,4.197977606477011,blue,local-road
74,76,282.465114765052,284.8359639809047,2.3708492158526724,0.795562942475124,4.4598868098869255,blue,local-road
74,77,282.465114765052,286.6674453630029,4.2023305979508905,0.19442036889088143,4.159315523094804,red,energy-similar
74,78,282.465114765052,287.9119205014222,5.446805736370152,0.8008189321997605,4.462514804749244,blue,local-road
75,76,283.21118573323383,284.8359639809047,1.6247782476708608,0.5238184068198297,4.595759077714573,blue,local-road
75,77,283.21118573323383,286.6674453630029,3.456259629769079,0.0773241667644129,4.295187790922451,red,energy-similar
75,78,283.21118573323383,287.9119205014222,4.70073476818834,0.5290743965444662,4.598387072576891,blue,local-road
75,79,283.21118573323383,289.57985492921887,6.368669195985035,0.15293328598498235,4.410316517297149,red,energy-similar
76,77,284.8359639809047,286.6674453630029,1.831481382098218,0.6011425735842426,4.557096994332366,blue,local-road
76,78,284.8359639809047,287.9119205014222,3.0759565205174795,0.005255989724636478,4.860296275986806,red,energy-similar
76,79,284.8359639809047,289.57985492921887,4.743890948314174,0.37088512083484737,4.672225720707064,blue,local-road
76,80,284.8359639809047,291.8462913290674,7.010327348162718,0.4708036320360307,4.622266465106472,violet,bridge/gap-road
77,78,286.6674453630029,287.9119205014222,1.2444751384192614,0.6063985633088791,4.5597249891946845,blue,local-road
77,79,286.6674453630029,289.57985492921887,2.912409566215956,0.23025745274939524,4.371654433914943,blue,local-road
77,80,286.6674453630029,291.8462913290674,5.1788459660645,0.1303389415482119,4.321695178314351,red,energy-similar
77,81,286.6674453630029,293.5584341393562,6.890988776353311,0.5111421342103846,4.512096774645437,violet,bridge/gap-road
78,79,287.9119205014222,289.57985492921887,1.6679344277966948,0.37614111055948385,4.674853715569382,blue,local-road
78,80,287.9119205014222,291.8462913290674,3.934370827645239,0.4760596217606672,4.6248944599687904,blue,local-road
78,81,287.9119205014222,293.5584341393562,5.646513637934049,0.09525642909849452,4.815296056299877,red,energy-similar
78,82,287.9119205014222,294.9653696192655,7.053449117843343,0.6922013596601966,4.516823591019026,violet,bridge/gap-road
79,80,289.57985492921887,291.8462913290674,2.266436399848544,0.09991851120118334,4.4368239046890485,red,energy-similar
79,81,289.57985492921887,293.5584341393562,3.9785792101373545,0.2808846814609893,4.627225501020135,blue,local-road
79,82,289.57985492921887,294.9653696192655,5.385514690046648,0.31606024910071273,4.328753035739284,blue,local-road
79,83,289.57985492921887,295.5732548789583,5.993399949739455,0.385086271843293,4.294240024367994,blue,local-road
80,81,291.8462913290674,293.5584341393562,1.7121428102888103,0.38080319266217266,4.577266245419543,blue,local-road
80,82,291.8462913290674,294.9653696192655,3.119078290198104,0.2161417378995294,4.278793780138692,red,energy-similar
80,83,291.8462913290674,295.5732548789583,3.726963549890911,0.2851677606421097,4.244280768767402,blue,local-road
80,84,291.8462913290674,297.97927706194344,6.132985732876023,0.14177399879229746,4.457751648484606,red,energy-similar
81,82,293.5584341393562,294.9653696192655,1.4069354799092935,0.5969449305617021,4.469195376469779,blue,local-road
81,83,293.5584341393562,295.5732548789583,2.0148207396021007,0.6659709533042824,4.434682365098489,blue,local-road
81,84,293.5584341393562,297.97927706194344,4.420842922587212,0.2390291938698752,4.648153244815692,blue,local-road
81,85,293.5584341393562,299.84032605372136,6.281891914365133,0.1142970607512046,4.824816372126232,red,energy-similar
82,83,294.9653696192655,295.5732548789583,0.6078852596928073,0.0690260227425803,4.136209899817637,red,energy-similar
82,84,294.9653696192655,297.97927706194344,3.013907442677919,0.35791573669182686,4.349680779534841,blue,local-road
82,85,294.9653696192655,299.84032605372136,4.874956434455839,0.7112419913129067,4.526343906845381,blue,local-road
82,86,294.9653696192655,301.64932546219416,6.68395584292864,0.26608128265662323,4.303763552517239,violet,bridge/gap-road
83,84,295.5732548789583,297.97927706194344,2.4060221829851116,0.42694175943440715,4.315167768163551,blue,local-road
83,85,295.5732548789583,299.84032605372136,4.267071174763032,0.780268014055487,4.491830895474091,blue,local-road
83,86,295.5732548789583,301.64932546219416,6.076070583235833,0.3351073053992035,4.269250541145949,blue,local-road
83,87,295.5732548789583,302.69674958960695,7.123494710648629,0.7514792034743731,4.477436490183534,violet,bridge/gap-road
84,85,297.97927706194344,299.84032605372136,1.8610489917779205,0.3533262546210798,4.705301775191295,blue,local-road
84,86,297.97927706194344,301.64932546219416,3.670048400250721,0.09183445403520363,4.482721420863152,red,energy-similar
84,87,297.97927706194344,302.69674958960695,4.717472527663517,0.324537444039966,4.690907369900737,blue,local-road
84,88,297.97927706194344,304.86437134085725,6.885094278913812,0.46510322029466433,4.761190258028087,violet,bridge/gap-road
85,86,299.84032605372136,301.64932546219416,1.8089994084728005,0.44516070865628343,4.659384548173692,blue,local-road
85,87,299.84032605372136,302.69674958960695,2.8564235358855967,0.028788810581113822,4.867570497211277,red,energy-similar
85,88,299.84032605372136,304.86437134085725,5.024045287135891,0.11177696567358453,4.937853385338626,red,energy-similar
85,89,299.84032605372136,305.72891260203687,5.888586548315516,0.4891800562632467,4.637374874370211,blue,local-road
86,87,301.64932546219416,302.69674958960695,1.0474241274127962,0.4163718980751696,4.6449901428831355,blue,local-road
86,88,301.64932546219416,304.86437134085725,3.2150458786630907,0.556937674329868,4.715273031010485,blue,local-road
86,89,301.64932546219416,305.72891260203687,4.079587139842715,0.044019347606963244,4.414794520042069,red,energy-similar
86,90,301.64932546219416,307.21949612817,5.570170665975866,0.24443807906222847,4.314585154314436,blue,local-road
87,88,302.69674958960695,304.86437134085725,2.1676217512502944,0.14056577625469835,4.9234589800480695,red,energy-similar
87,89,302.69674958960695,305.72891260203687,3.032163012429919,0.46039124568213285,4.622980469079653,blue,local-road
87,90,302.69674958960695,307.21949612817,4.522746538563069,0.6608099771373981,4.522771103352021,blue,local-road
87,91,302.69674958960695,310.10946314670184,7.412713557094889,0.7183483277103653,4.494001928065538,violet,bridge/gap-road
88,89,304.86437134085725,305.72891260203687,0.8645412611796246,0.6009570219368312,4.6932633572070035,blue,local-road
88,90,304.86437134085725,307.21949612817,2.355124787312775,0.8013757533920964,4.593053991479371,blue,local-road
88,91,304.86437134085725,310.10946314670184,5.245091805844595,0.8589141039650636,4.564284816192886,blue,local-road
88,92,304.86437134085725,311.165141530356,6.300770189498735,0.5642974360599657,4.711593150145436,blue,local-road
89,90,305.72891260203687,307.21949612817,1.4905835261331504,0.20041873145526523,4.292575480510955,red,energy-similar
89,91,305.72891260203687,310.10946314670184,4.38055054466497,0.2579570820282324,4.263806305224471,blue,local-road
89,92,305.72891260203687,311.165141530356,5.43622892831911,0.036659585876865464,4.41111463917702,red,energy-similar
89,93,305.72891260203687,312.4278011806009,6.698888578564038,0.26157802177976297,4.5235738571284685,violet,bridge/gap-road
90,91,307.21949612817,310.10946314670184,2.88996701853182,0.05753835057296719,4.163596939496839,red,energy-similar
90,92,307.21949612817,311.165141530356,3.94564540218596,0.2370783173321307,4.310905273449388,blue,local-road
90,93,307.21949612817,312.4278011806009,5.208305052430887,0.4619967532350282,4.423364491400836,blue,local-road
90,94,307.21949612817,313.9852857311589,6.765789602988889,0.9069688131732363,4.64585052136994,violet,bridge/gap-road
91,92,310.10946314670184,311.165141530356,1.05567838365414,0.2946166679050979,4.282136098162904,blue,local-road
91,93,310.10946314670184,312.4278011806009,2.3183380338990673,0.5195351038079954,4.394595316114353,blue,local-road
91,94,310.10946314670184,313.9852857311589,3.875822584457069,0.9645071637462035,4.617081346083457,blue,local-road
91,95,310.10946314670184,315.4756160894757,5.3661529427738515,0.31679093449194706,4.293223231456329,blue,local-road
92,93,311.165141530356,312.4278011806009,1.2626596502449274,0.2249184359028975,4.541903650066901,blue,local-road
92,94,311.165141530356,313.9852857311589,2.820144200802929,0.6698904958411056,4.764389680036006,blue,local-road
92,95,311.165141530356,315.4756160894757,4.310474559119712,0.02217426658684918,4.440531565408877,red,energy-similar
92,96,311.165141530356,317.73480594237014,6.569664412014163,0.3224844875197199,4.590686675875313,violet,bridge/gap-road
93,94,312.4278011806009,313.9852857311589,1.5574845505580015,0.4449720599382081,4.876848897987454,blue,local-road
93,95,312.4278011806009,315.4756160894757,3.047814908874784,0.20274416931604833,4.552990783360326,red,energy-similar
93,96,312.4278011806009,317.73480594237014,5.307004761769235,0.09756605161682241,4.703145893826761,red,energy-similar
93,97,312.4278011806009,318.85310425631656,6.425303075715647,0.4491826291623582,4.429771553437171,blue,local-road
94,95,313.9852857311589,315.4756160894757,1.4903303583167826,0.6477162292542564,4.77547681332943,blue,local-road
94,96,313.9852857311589,317.73480594237014,3.749520211211234,0.3474060083213857,4.925631923795866,blue,local-road
94,97,313.9852857311589,318.85310425631656,4.867818525157645,0.8941546891005663,4.652257583406275,blue,local-road
94,98,313.9852857311589,321.1601343091136,7.174848577954663,0.7284578001888038,4.735106027862157,violet,bridge/gap-road
95,96,315.4756160894757,317.73480594237014,2.259189852894451,0.30031022093287074,4.601773809168737,blue,local-road
95,97,315.4756160894757,318.85310425631656,3.3774881668408625,0.24643845984630985,4.328399468779147,blue,local-road
95,98,315.4756160894757,321.1601343091136,5.68451821963788,0.08074157093454737,4.411247913235028,red,energy-similar
95,99,315.4756160894757,322.14455867248296,6.668942583007265,0.47406615048329126,4.688651773943947,violet,bridge/gap-road
96,97,317.73480594237014,318.85310425631656,1.1182983139464113,0.5467486807791806,4.478554579245582,blue,local-road
96,98,317.73480594237014,321.1601343091136,3.425328366743429,0.3810517918674181,4.561403023701464,blue,local-road
96,99,317.73480594237014,322.14455867248296,4.409752730112814,0.17375592955042052,4.838806884410383,red,energy-similar
96,100,317.73480594237014,323.466969557512,5.732163615141872,0.161430820373492,4.832644329821919,red,energy-similar
97,98,318.85310425631656,321.1601343091136,2.3070300527970176,0.16569688891176249,4.2880286833118735,red,energy-similar
97,99,318.85310425631656,322.14455867248296,3.2914544161664026,0.7205046103296011,4.565432544020792,blue,local-road
97,100,318.85310425631656,323.466969557512,4.61386530119546,0.7081795011526726,4.5592699894323285,blue,local-road
97,101,318.85310425631656,324.8628660517396,6.00976179542306,0.03130429125219436,4.189528093229895,red,energy-similar
98,99,321.1601343091136,322.14455867248296,0.984424363369385,0.5548077214178386,4.6482809884766745,blue,local-road
98,100,321.1601343091136,323.466969557512,2.3068352483984427,0.5424826122409101,4.64211843388821,blue,local-road
98,101,321.1601343091136,324.8628660517396,3.7027317426260424,0.19700118016395685,4.272376537685776,red,energy-similar
98,102,321.1601343091136,327.44390126190547,6.283766952791893,0.14387926474503132,4.44281676014027,red,energy-similar
99,100,322.14455867248296,323.466969557512,1.3224108850290577,0.012325109176928528,4.9195222945971295,red,energy-similar
99,101,322.14455867248296,324.8628660517396,2.7183073792566574,0.7518089015817955,4.549780398394695,blue,local-road
99,102,322.14455867248296,327.44390126190547,5.299342589422508,0.4109284566728073,4.72022062084919,blue,local-road
99,103,322.14455867248296,329.03307168048093,6.888513007997972,0.7429420426791946,4.554213827845996,violet,bridge/gap-road
100,101,323.466969557512,324.8628660517396,1.3958964942275998,0.739483792404867,4.543617843806231,blue,local-road
100,102,323.466969557512,327.44390126190547,3.9769317043934507,0.3986033474958788,4.714058066260725,blue,local-road
100,103,323.466969557512,329.03307168048093,5.566102122968914,0.7306169335022661,4.548051273257531,blue,local-road
100,104,323.466969557512,329.9532397282338,6.486270170721809,0.0003372975804030176,4.913191091218463,violet,bridge/gap-road
101,102,324.8628660517396,327.44390126190547,2.581035210165851,0.34088044490898817,4.344316170058292,blue,local-road
101,103,324.8628660517396,329.03307168048093,4.170205628741314,0.00886685890260086,4.178309377055099,red,energy-similar
101,104,324.8628660517396,329.9532397282338,5.09037367649421,0.7391464948244639,4.54344919501603,blue,local-road
101,105,324.8628660517396,331.47446758266346,6.611601530923849,0.2382249727238568,4.292988433965727,violet,bridge/gap-road
102,103,327.44390126190547,329.03307168048093,1.5891704185754634,0.3320135860063873,4.348749599509592,blue,local-road
102,104,327.44390126190547,329.9532397282338,2.5093384663283587,0.39826604991547576,4.713889417470524,blue,local-road
102,105,327.44390126190547,331.47446758266346,4.030566320757998,0.10265547218513138,4.46342865642022,red,energy-similar
102,106,327.44390126190547,333.6453785248699,6.201477262964431,0.20854479082326272,4.619028787924417,red,energy-similar
103,104,329.03307168048093,329.9532397282338,0.9201680477528953,0.7302796359218631,4.547882624467331,blue,local-road
103,105,329.03307168048093,331.47446758266346,2.441395902182535,0.22935811382125593,4.297421863417027,blue,local-road
103,106,329.03307168048093,333.6453785248699,4.612306844388968,0.54055837682965,4.453021994921224,blue,local-road
103,107,329.03307168048093,334.2113548332444,5.17828315276347,0.07209192702392198,4.146696842994437,red,energy-similar
104,105,329.9532397282338,331.47446758266346,1.5212278544296396,0.5009215221006071,4.662561681377959,blue,local-road
104,106,329.9532397282338,333.6453785248699,3.6921387966360726,0.18972125909221305,4.818161812882155,red,energy-similar
104,107,329.9532397282338,334.2113548332444,4.2581151050105746,0.802371562945785,4.511836660955369,blue,local-road
104,108,329.9532397282338,336.84185042839067,6.888610700156846,0.5754339899271086,4.625305447464708,violet,bridge/gap-road
105,106,331.47446758266346,333.6453785248699,2.170910942206433,0.3112002630083941,4.567701051831852,blue,local-road
105,107,331.47446758266346,334.2113548332444,2.736887250580935,0.3014500408451779,4.261375899905065,blue,local-road
105,108,331.47446758266346,336.84185042839067,5.367382845727207,0.07451246782650145,4.374844686414404,red,energy-similar
105,109,331.47446758266346,338.33999285080665,6.8655252681431875,0.06331108316959089,4.44375646191245,violet,bridge/gap-road
106,107,333.6453785248699,334.2113548332444,0.565976308374502,0.612650303853572,4.416976031409263,blue,local-road
106,108,333.6453785248699,336.84185042839067,3.1964719035207736,0.38571273083489555,4.530444817918601,blue,local-road
106,109,333.6453785248699,338.33999285080665,4.6946143259367545,0.2478891798388032,4.599356593416648,blue,local-road
106,110,333.6453785248699,339.8582167253635,6.212838200493593,0.4296644887219818,4.508468938975058,blue,local-road
107,108,334.2113548332444,336.84185042839067,2.6304955951462716,0.22693757301867645,4.2241196659918145,blue,local-road
107,109,334.2113548332444,338.33999285080665,4.128638017562253,0.3647611240147688,4.293031441489861,blue,local-road
107,110,334.2113548332444,339.8582167253635,5.646861892119091,0.18298581513159018,4.202143787048271,red,energy-similar
102,107,327.44390126190547,334.2113548332444,6.767453571338933,0.4041055130303093,4.312703635997631,violet,bridge/gap-road
108,109,336.84185042839067,338.33999285080665,1.498142422415981,0.13782355099609234,4.406500227999199,red,energy-similar
108,110,336.84185042839067,339.8582167253635,3.0163662969728193,0.043951757887086274,4.31561257355761,red,energy-similar
108,111,336.84185042839067,341.0422611110465,4.200410682655843,0.46149563760452406,4.568336271303416,blue,local-road
108,112,336.84185042839067,342.05487751036355,5.213027081972882,0.18455477524630748,4.245311064877999,red,energy-similar
109,110,338.33999285080665,339.8582167253635,1.5182238745568384,0.1817753088831786,4.384524349055656,red,energy-similar
109,111,338.33999285080665,341.0422611110465,2.7022682602398618,0.3236720866084317,4.637248046801462,blue,local-road
109,112,338.33999285080665,342.05487751036355,3.714884659556901,0.3223783262423998,4.314222840376045,blue,local-road
109,113,338.33999285080665,344.6617029402523,6.3217100894456735,0.12867748757547215,4.411073259709509,red,energy-similar
110,111,339.8582167253635,341.0422611110465,1.1840443856830234,0.5054473954916103,4.5463603923598725,blue,local-road
110,112,339.8582167253635,342.05487751036355,2.196660785000063,0.1406030173592212,4.223335185934456,red,energy-similar
110,113,339.8582167253635,344.6617029402523,4.803486214888835,0.05309782130770646,4.32018560526792,red,energy-similar
110,114,339.8582167253635,346.34787056601,6.489653840646497,0.36207256428518253,4.474672976756658,violet,bridge/gap-road
111,112,341.0422611110465,342.05487751036355,1.0126163993170394,0.6460504128508315,4.4760588836802615,blue,local-road
111,113,341.0422611110465,344.6617029402523,3.6194418292058117,0.45234957418390387,4.572909303013725,blue,local-road
111,114,341.0422611110465,346.34787056601,5.305609454963474,0.1433748312064278,4.727396674502463,red,energy-similar
111,115,341.0422611110465,347.2726775844204,6.230416473373907,0.5535073384510767,4.522330420880139,blue,local-road
107,111,334.2113548332444,341.0422611110465,6.830906277802114,0.6884332106232005,4.454867484794077,violet,bridge/gap-road
112,113,342.05487751036355,344.6617029402523,2.6068254298887723,0.19370083866692767,4.24988409658831,red,energy-similar
112,114,342.05487751036355,346.34787056601,4.292993055646434,0.5026755816444037,4.404371468077048,blue,local-road
112,115,342.05487751036355,347.2726775844204,5.217800074056868,0.09254307439975484,4.199305214454723,red,energy-similar
112,116,342.05487751036355,349.31626087069617,7.261383360332616,0.5787593791843451,4.442413366847019,violet,bridge/gap-road
113,114,344.6617029402523,346.34787056601,1.6861676257576619,0.30897474297747607,4.501221887410511,blue,local-road
113,115,344.6617029402523,347.2726775844204,2.6109746441680954,0.10115776426717282,4.296155633788187,red,energy-similar
113,116,344.6617029402523,349.31626087069617,4.654557930443843,0.3850585405174174,4.5392637861804825,blue,local-road
113,117,344.6617029402523,350.40841934919206,5.746716408939733,0.08427487728077487,4.388871954562161,red,energy-similar
114,115,346.34787056601,347.2726775844204,0.9248070184104336,0.4101325072446489,4.450643005276925,blue,local-road
114,116,346.34787056601,349.31626087069617,2.9683903046861815,0.07608379753994132,4.693751157669221,red,energy-similar
114,117,346.34787056601,350.40841934919206,4.060548783182071,0.2246998656967012,4.543359326050899,blue,local-road
114,118,346.34787056601,351.8786490253593,5.530778459349335,0.1807410753397818,4.565338721229359,red,energy-similar
115,116,347.2726775844204,349.31626087069617,2.043583286275748,0.4862163047845902,4.488684904046895,blue,local-road
115,117,347.2726775844204,350.40841934919206,3.1357417647716375,0.1854326415479477,4.338293072428574,red,energy-similar
115,118,347.2726775844204,351.8786490253593,4.605971440938902,0.2293914319048671,4.360272467607034,blue,local-road
115,119,347.2726775844204,353.48890048871885,6.216222904298434,0.5256965730950398,4.5084250382021205,blue,local-road
116,117,349.31626087069617,350.40841934919206,1.0921584784958895,0.3007836632366425,4.581401224820869,blue,local-road
116,118,349.31626087069617,351.8786490253593,2.5623881546631537,0.2568248728797231,4.60338061999933,blue,local-road
116,119,349.31626087069617,353.48890048871885,4.172639618022686,0.039480268310449596,4.751533190594415,red,energy-similar
116,120,349.31626087069617,356.017574977265,6.701314106568816,0.42291197319574714,4.520337069841317,violet,bridge/gap-road
117,118,350.40841934919206,351.8786490253593,1.4702296761672642,0.04395879035691941,4.452988788381008,red,energy-similar
117,119,350.40841934919206,353.48890048871885,3.080481139526796,0.3402639315470921,4.601141358976094,blue,local-road
117,120,350.40841934919206,356.017574977265,5.6091556280729264,0.12212830995910462,4.369945238222996,red,energy-similar
117,121,350.40841934919206,357.1513022520396,6.742882902847555,0.1414413880343428,4.360288699185377,violet,bridge/gap-road
118,119,351.8786490253593,353.48890048871885,1.610251463359532,0.2963051411901727,4.623120754154554,blue,local-road
118,120,351.8786490253593,356.017574977265,4.138925951905662,0.16608710031602403,4.391924633401455,red,energy-similar
118,121,351.8786490253593,357.1513022520396,5.272653226680291,0.18540017839126222,4.382268094363837,red,energy-similar
118,122,351.8786490253593,357.95268510163226,6.074036076272932,0.04813015545211208,4.450903105833412,red,energy-similar
119,120,353.48890048871885,356.017574977265,2.5286744885461303,0.46239224150619673,4.5400772039965425,blue,local-road
119,121,353.48890048871885,357.1513022520396,3.6624017633207586,0.4817053195814349,4.530420664958923,blue,local-road
119,122,353.48890048871885,357.95268510163226,4.4637846129134005,0.3444352966422848,4.599055676428498,blue,local-road
119,123,353.48890048871885,359.7437549531145,6.254854464395635,0.14220798046399707,4.842377314981639,red,energy-similar
120,121,356.017574977265,357.1513022520396,1.1337272747746283,0.019313078075238188,4.299224544205824,red,energy-similar
120,122,356.017574977265,357.95268510163226,1.9351101243672701,0.11795694486391195,4.3678595556754,red,energy-similar
120,123,356.017574977265,359.7437549531145,3.7261799758495044,0.6046002219701938,4.611181194228541,blue,local-road
120,124,356.017574977265,361.2893616958047,5.271786718539715,0.1400039253548533,4.378883045920871,red,energy-similar
121,122,357.1513022520396,357.95268510163226,0.8013828495926418,0.13727002293915014,4.3582030166377805,red,energy-similar
121,123,357.1513022520396,359.7437549531145,2.592452701074876,0.623913300045432,4.6015246551909215,blue,local-road
121,124,357.1513022520396,361.2893616958047,4.138059443765087,0.15931700343009148,4.369226506883251,red,energy-similar
121,125,357.1513022520396,363.33133057897385,6.180028326934234,0.3277014011139654,4.453418705725188,blue,local-road
122,123,357.95268510163226,359.7437549531145,1.7910698514822343,0.48664327710628186,4.6701596666604965,blue,local-road
122,124,357.95268510163226,361.2893616958047,3.336676594172445,0.022046980490941337,4.437861518352826,red,energy-similar
122,125,357.95268510163226,363.33133057897385,5.378645477341593,0.19043137817481526,4.522053717194764,red,energy-similar
122,126,357.95268510163226,364.736024114089,6.783339012456736,0.6848356853514943,4.769255870783103,violet,bridge/gap-road
123,124,359.7437549531145,361.2893616958047,1.545606742690211,0.4645962966153405,4.681183156905967,blue,local-road
123,125,359.7437549531145,363.33133057897385,3.5875756258593583,0.2962118989314666,4.765375355747905,blue,local-road
123,126,359.7437549531145,364.736024114089,4.992269160974502,0.19819240824521245,5.012577509336244,red,energy-similar
123,127,359.7437549531145,366.2127102883313,6.468955335216833,0.11353699479483925,4.9702498026110575,violet,bridge/gap-road
124,125,361.2893616958047,363.33133057897385,2.0419688831691474,0.16838439768387392,4.533077207440234,red,energy-similar
124,126,361.2893616958047,364.736024114089,3.4466624182842907,0.662788704860553,4.780279361028573,blue,local-road
124,127,361.2893616958047,366.2127102883313,4.923348592526622,0.5781332914101798,4.737951654303387,blue,local-road
124,128,361.2893616958047,367.9935754817403,6.704213785935622,0.19296910345105367,4.35240045687277,violet,bridge/gap-road
125,126,363.33133057897385,364.736024114089,1.4046935351151433,0.49440430717667905,4.864471559870511,blue,local-road
125,127,363.33133057897385,366.2127102883313,2.881379709357475,0.40974889372630585,4.822143853145324,blue,local-road
125,128,363.33133057897385,367.9935754817403,4.662244902766474,0.3613535011349276,4.436592655714707,blue,local-road
125,129,363.33133057897385,368.9684380957344,5.6371075167605795,0.0656991258920181,4.6501189692281795,red,energy-similar
126,127,364.736024114089,366.2127102883313,1.4766861742423316,0.0846554134503732,5.069346006733664,red,energy-similar
126,128,364.736024114089,367.9935754817403,3.257551367651331,0.8557578083116066,4.683794809303047,blue,local-road
126,129,364.736024114089,368.9684380957344,4.232413981645436,0.42870518128466095,4.897321122816519,blue,local-road
126,130,364.736024114089,370.050919212106,5.314895098017018,0.6182855979673558,4.802530914475172,blue,local-road
127,128,366.2127102883313,367.9935754817403,1.7808651934089994,0.7711023948612334,4.6414671025778595,blue,local-road
127,129,366.2127102883313,368.9684380957344,2.7557278074031046,0.34404976783428776,4.854993416091332,blue,local-road
127,130,366.2127102883313,370.050919212106,3.838208923774687,0.5336301845169826,4.760203207749985,blue,local-road
127,131,366.2127102883313,373.0619283721128,6.849218083781466,0.6140057661140821,4.720015416951435,violet,bridge/gap-road
128,129,367.9935754817403,368.9684380957344,0.9748626139941052,0.4270526270269457,4.469442218660716,blue,local-road
128,130,367.9935754817403,370.050919212106,2.0573437303656874,0.2374722103442508,4.374652010319369,blue,local-road
128,131,367.9935754817403,373.0619283721128,5.068352890372466,0.15709662874715136,4.334464219520819,red,energy-similar
128,132,367.9935754817403,373.8648739109086,5.8712984291682915,0.5032798616606549,4.507555835977571,blue,local-road
129,130,368.9684380957344,370.050919212106,1.0824811163715822,0.18958041668269487,4.5881783238328415,red,energy-similar
129,131,368.9684380957344,373.0619283721128,4.093490276378361,0.26995599827979433,4.547990533034292,blue,local-road
129,132,368.9684380957344,373.8648739109086,4.896435815174186,0.07622723463370917,4.7210821494910435,red,energy-similar
129,133,368.9684380957344,375.8259127667393,6.857474671004866,0.3395918036293182,4.51317263035953,violet,bridge/gap-road
130,131,370.050919212106,373.0619283721128,3.011009160006779,0.08037558159709945,4.453200324692944,red,energy-similar
130,132,370.050919212106,373.8648739109086,3.813954698802604,0.26580765131640405,4.626291941149696,blue,local-road
130,133,370.050919212106,375.8259127667393,5.774993554633284,0.1500113869466233,4.418382422018182,red,energy-similar
130,134,370.050919212106,376.32409223066804,6.273173018562034,0.09923864290400441,4.543007436943496,red,energy-similar
131,132,373.0619283721128,373.8648739109086,0.8029455387958251,0.3461832329135035,4.586104150351146,blue,local-road
131,133,373.0619283721128,375.8259127667393,2.7639843946265046,0.06963580534952385,4.378194631219633,red,energy-similar
131,134,373.0619283721128,376.32409223066804,3.2621638585552546,0.17961422450110387,4.502819646144946,red,energy-similar
131,135,373.0619283721128,378.43668024996543,5.3747518778526455,0.4974911678571168,4.661758117822953,blue,local-road
131,136,373.0619283721128,379.87297534653237,6.8110469744195825,0.5231251164090258,4.674575092098907,violet,bridge/gap-road
132,133,373.8648739109086,375.8259127667393,1.9610388558306795,0.41581903826302735,4.5512862476763845,blue,local-road
132,134,373.8648739109086,376.32409223066804,2.4592183197594295,0.16656900841239963,4.675911262601698,red,energy-similar
132,135,373.8648739109086,378.43668024996543,4.57180633905682,0.15130793494361328,4.834849734279705,red,energy-similar
132,136,373.8648739109086,379.87297534653237,6.008101435623757,0.1769418834955223,4.847666708555659,red,energy-similar
133,134,375.8259127667393,376.32409223066804,0.49817946392875,0.24925002985062772,4.468001743470184,blue,local-road
133,135,375.8259127667393,378.43668024996543,2.610767483226141,0.5671269732066406,4.626940215148191,blue,local-road
133,136,375.8259127667393,379.87297534653237,4.047062579793078,0.5927609217585497,4.639757189424145,blue,local-road
133,137,375.8259127667393,381.4844686171865,5.658555850447215,0.2734892376021323,4.480121347345937,blue,local-road
134,135,376.32409223066804,378.43668024996543,2.112588019297391,0.3178769433560129,4.7515652300735045,blue,local-road
134,136,376.32409223066804,379.87297534653237,3.548883115864328,0.34351089190792194,4.7643822043494595,blue,local-road
134,137,376.32409223066804,381.4844686171865,5.160376386518465,0.024239207751504566,4.604746362271251,red,energy-similar
134,138,376.32409223066804,383.4435294495365,7.119437218868484,0.36206515972195064,4.411594178534523,violet,bridge/gap-road
135,136,378.43668024996543,379.87297534653237,1.436295096566937,0.025633948551909036,4.9233206760274655,red,energy-similar
135,137,378.43668024996543,381.4844686171865,3.0477883672210737,0.29363773560450834,4.763684833949258,blue,local-road
135,138,378.43668024996543,383.4435294495365,5.006849199571093,0.6799421030779635,4.570532650212529,green,boundary-road
135,139,378.43668024996543,384.95611681486366,6.519436564898228,0.0873595471915607,4.866823928155731,green,boundary-road
136,137,379.87297534653237,381.4844686171865,1.6114932706541367,0.3192716841564174,4.776501808225212,green,boundary-road
136,138,379.87297534653237,383.4435294495365,3.570554103004156,0.7055760516298726,4.583349624488484,green,boundary-road
136,139,379.87297534653237,384.95611681486366,5.083141468331291,0.11299349574346973,4.879640902431685,green,boundary-road
136,140,379.87297534653237,385.86130084597426,5.988325499441885,0.6128514450798654,4.629711927763488,green,boundary-road
137,138,381.4844686171865,383.4435294495365,1.9590608323500192,0.3863043674734552,4.4237137824102755,green,boundary-road
137,139,381.4844686171865,384.95611681486366,3.4716481976771547,0.20627818841294765,4.720005060353477,green,boundary-road
137,140,381.4844686171865,385.86130084597426,4.376832228787748,0.29357976092344806,4.470076085685279,green,boundary-road
137,141,381.4844686171865,387.22289022238795,5.738421605201438,0.0980040427364468,4.56786394477878,green,boundary-road
138,139,383.4435294495365,384.95611681486366,1.5125873653271356,0.5925825558864029,4.526852876616749,green,boundary-road
138,140,383.4435294495365,385.86130084597426,2.417771396437729,0.09272460655000714,4.276923901948551,green,boundary-road
138,141,383.4435294495365,387.22289022238795,3.779360772851419,0.2883003247370084,4.374711761042052,green,boundary-road
138,142,383.4435294495365,388.8461283542323,5.402598904695765,0.15039680106488795,4.155363198141104,green,boundary-road
139,140,384.95611681486366,385.86130084597426,0.9051840311105934,0.4998579493363957,4.573215179891752,green,boundary-road
139,141,384.95611681486366,387.22289022238795,2.2667734075242834,0.30428223114939446,4.671003038985253,green,boundary-road
139,142,384.95611681486366,388.8461283542323,3.890011539368629,0.7429793569512908,4.451654476084306,green,boundary-road
139,143,384.95611681486366,391.456083563638,6.499966748774341,0.6906684689652476,4.477809920077327,green,boundary-road
140,141,385.86130084597426,387.22289022238795,1.36158937641369,0.19557571818700126,4.421074064317056,green,boundary-road
140,142,385.86130084597426,388.8461283542323,2.9848275082580358,0.2431214076148951,4.2017255014161075,green,boundary-road
140,143,385.86130084597426,391.456083563638,5.5947827176637475,0.19081051962885187,4.2278809454091295,green,boundary-road
140,144,385.86130084597426,392.24508333951906,6.3837824935448,0.5054374290129795,4.576004919730044,green,boundary-road
141,142,387.22289022238795,388.8461283542323,1.6232381318443458,0.43869712580189635,4.299513360509608,green,boundary-road
141,143,387.22289022238795,391.456083563638,4.2331933412500575,0.38638623781585313,4.32566880450263,green,boundary-road
141,144,387.22289022238795,392.24508333951906,5.02219311713111,0.30986171082597824,4.673792778823545,green,boundary-road
141,145,387.22289022238795,393.4277438444341,6.20485362204613,0.07718426957670399,4.480269788622204,green,boundary-road
142,143,388.8461283542323,391.456083563638,2.6099552094057117,0.05231088798604322,4.106320241601681,green,boundary-road
142,144,388.8461283542323,392.24508333951906,3.398954985286764,0.7485588366278746,4.454444215922598,green,boundary-road
142,145,388.8461283542323,393.4277438444341,4.581615490201784,0.36151285622519236,4.2609212257212565,green,boundary-road
142,146,388.8461283542323,395.5828700109937,6.73674165676141,0.337097378473902,4.248713486845611,green,boundary-road
143,144,391.456083563638,392.24508333951906,0.7889997758810523,0.6962479486418314,4.480599659915619,green,boundary-road
143,145,391.456083563638,393.4277438444341,1.9716602807960726,0.30920196823914914,4.287076669714278,green,boundary-road
143,146,391.456083563638,395.5828700109937,4.126786447355698,0.28478649048785876,4.2748689308386325,green,boundary-road
143,147,391.456083563638,396.3818542225922,4.925770658954207,0.15372056635503473,4.209335968772221,green,boundary-road
143,148,391.456083563638,397.9187362096143,6.462652645976277,0.6240374564522044,4.444494413820806,green,boundary-road
144,145,392.24508333951906,393.4277438444341,1.1826605049150203,0.38704598040268223,4.635200644035193,green,boundary-road
144,146,392.24508333951906,395.5828700109937,3.337786671474646,0.4114614581539726,4.622992905159548,green,boundary-road
144,147,392.24508333951906,396.3818542225922,4.136770883073154,0.5425273822867966,4.557459943093136,green,boundary-road
144,148,392.24508333951906,397.9187362096143,5.673652870095225,0.07221049218962694,4.792618388141721,green,boundary-road
145,146,393.4277438444341,395.5828700109937,2.1551261665596257,0.024415477751290382,4.429469914958207,green,boundary-road
145,147,393.4277438444341,396.3818542225922,2.954110378158134,0.1554814018841144,4.363936952891795,green,boundary-road
145,148,393.4277438444341,397.9187362096143,4.490992365180205,0.3148354882130553,4.5990953979403795,green,boundary-road
145,149,393.4277438444341,399.98511987619486,6.557376031760782,0.036808709556320096,4.423273299055692,green,boundary-road
146,147,395.5828700109937,396.3818542225922,0.7989842115985084,0.13106592413282403,4.351729214016149,green,boundary-road
146,148,395.5828700109937,397.9187362096143,2.335866198620579,0.3392509659643457,4.586887659064734,green,boundary-road
146,149,395.5828700109937,399.98511987619486,4.402249865201156,0.012393231805029714,4.411065560180047,green,boundary-road
141,146,387.22289022238795,395.5828700109937,8.359979788605756,0.10159974732799437,4.468062049746559,green,boundary-road
147,148,396.3818542225922,397.9187362096143,1.5368819870220705,0.4703168900971697,4.521354696998323,green,boundary-road
147,149,396.3818542225922,399.98511987619486,3.603265653602648,0.11867269232779432,4.3455325981136355,green,boundary-road
142,147,388.8461283542323,396.3818542225922,7.535725868359918,0.20603145434107795,4.183180524779199,green,boundary-road
141,147,387.22289022238795,396.3818542225922,9.158964000204264,0.2326656714608184,4.402529087680147,green,boundary-road
148,149,397.9187362096143,399.98511987619486,2.0663836665805775,0.3516441977693754,4.58069104316222,green,boundary-road
142,148,388.8461283542323,397.9187362096143,9.072607855381989,0.6763483444382477,4.418338969827784,green,boundary-road
141,148,387.22289022238795,397.9187362096143,10.695845987226335,0.2376512186363513,4.637687532728732,green,boundary-road
144,149,392.24508333951906,399.98511987619486,7.740036536675802,0.42385468995900233,4.616796289257033,green,boundary-road
143,149,391.456083563638,399.98511987619486,8.529036312556855,0.27239325868282904,4.268672314936118,green,boundary-road
142,149,388.8461283542323,399.98511987619486,11.138991521962566,0.32470414666887226,4.242516870943096,green,boundary-road
141,149,387.22289022238795,399.98511987619486,12.762229653806912,0.11399297913302409,4.461865433844045,green,boundary-road
